{
  "project_info": {
    "project_number": "134081584156",
    "project_id": "trading-home-e7588",
    "storage_bucket": "trading-home-e7588.appspot.com"
  },
  "client": [
    {
      "client_info": {
        "mobilesdk_app_id": "1:134081584156:android:b6452b76c1dc38dbf013d9",
        "android_client_info": {
          "package_name": "com.example.trading_home"
        }
      },
      "oauth_client": [
        {
          "client_id": "134081584156-l6kl4k1hmkcng1vskvk3n1vi7ne0d82e.apps.googleusercontent.com",
          "client_type": 3
        }
      ],
      "api_key": [
        {
          "current_key": "AIzaSyDvJuY2LP4docG9TOwQNH9w0Bd5ZvRQHuE"
        }
      ],
      "services": {
        "appinvite_service": {
          "other_platform_oauth_client": [
            {
              "client_id": "134081584156-l6kl4k1hmkcng1vskvk3n1vi7ne0d82e.apps.googleusercontent.com",
              "client_type": 3
            }
          ]
        }
      }
    }
  ],
  "configuration_version": "1"
}